Id,BIRTHDATE,DEATHDATE,SSN,DRIVERS,PASSPORT,PREFIX,FIRST,MIDDLE,LAST,SUFFIX,MAIDEN,MARITAL,RACE,ETHNICITY,GENDER,BIRTHPLACE,ADDRESS,CITY,STATE,COUNTY,FIPS,ZIP,LAT,LON,HEALTHCARE_EXPENSES,HEALTHCARE_COVERAGE,INCOME
4f083ce3-f12b-bb4b-7353-e17f0cd55b0a,1998-06-08,,999-78-6352,S99924521,X42024574X,Mr.,Ezekiel373,Leslie90,Walter473,,,,white,nonhispanic,M,Onset  Massachusetts  US,332 Schulist Underpass,Watertown,Massachusetts,Middlesex County,25017,02472,42.32131597857709,-71.14289090408015,67187.24,1269.00,141031
aee7bbe1-0c45-c028-1e62-1f4cdb30c273,2010-05-19,,999-21-5544,,,,Wilfredo622,Isaiah615,Fritsch593,,,,white,nonhispanic,M,New Bedford  Massachusetts  US,265 Schamberger Rapid Unit 70,Whitman,Massachusetts,Plymouth County,,00000,42.095113614046355,-70.96780531615718,52600.02,10274.13,102779
46ee9d82-b52c-856d-069b-5064ff052225,1995-11-13,,999-44-2741,S99939437,X40931839X,Mrs.,Shalanda398,Kelsie51,Stamm704,,Terry864,M,white,nonhispanic,F,Marlborough  Massachusetts  US,925 Brown Annex,Lowell,Massachusetts,Middlesex County,25017,01854,42.62405815858057,-71.29962328132608,113101.08,84379.93,124612
5e688e99-61b3-5c88-3f60-21df8aaced27,2009-06-24,,999-87-5260,S99950060,,,Wallace647,Raymond398,Effertz744,,,,native,nonhispanic,M,Southwick  Massachusetts  US,788 Hansen Skyway,Revere,Massachusetts,Suffolk County,25025,02151,42.42585246178816,-70.94822090106521,2450.05,44596.84,22038
46976cf7-b0bf-be20-39a5-9f425a52886d,2007-02-08,,999-37-5783,S99998241,,Ms.,Lindsay928,Deja232,Zieme486,,,,white,nonhispanic,F,Toulouse  Occitanie  FR,794 Dicki Neck Unit 4,Worcester,Massachusetts,Worcester County,25027,01607,42.29589656519802,-71.86071035579968,46052.75,369.27,95959
aa616abe-1761-0c9a-7959-07544679dafd,1958-04-10,,999-83-4774,S99999455,X74164375X,Ms.,Jona712,Bonnie873,Robel940,,,S,asian,nonhispanic,F,Hanoi  Hà Đông  VN,997 Grant Row Unit 85,Peabody,Massachusetts,Essex County,25009,01960,42.52301776095647,-71.05524780399834,886960.93,538453.87,81174
76b20010-c318-5754-8c85-983aa538522f,2017-08-13,,999-62-9324,,,,Jody426,Jeffrey461,Hickle134,,,,white,nonhispanic,M,Charlton  Massachusetts  US,368 Marquardt Highlands,Newburyport,Massachusetts,Essex County,25009,01950,42.81308052119067,-70.83892862887681,14241.47,10614.42,878354
c86c400e-ff88-a1e3-2e23-caa4d8311f47,1946-07-27,1976-09-11,999-14-5114,S99990467,X69925196X,Mr.,Cristobal567,Alfredo17,Montero62,,,M,white,hispanic,M,Santo Domingo  National District  DO,479 Haag Camp,Saugus,Massachusetts,Essex County,25009,01906,42.433320618228656,-70.96440007767636,96927.36,11332.31,109315
2d68ad16-268a-478c-1f84-d0f1976e1a46,2019-07-18,,999-71-2318,,,,Mauro926,Isaias604,Braun514,,,,white,nonhispanic,M,Danvers  Massachusetts  US,686 Hilpert Annex,Quincy,Massachusetts,Norfolk County,25021,02186,42.25937201985332,-71.01258393031146,11394.17,0.00,103247
eb5910f1-26e6-bc6f-b300-716eae678d6f,1994-09-19,,999-20-9963,S99971292,X33791502X,Mrs.,Larissa293,Jackeline690,Simonis280,,Bins636,M,white,nonhispanic,F,Revere  Massachusetts  US,861 Swift Lock,Haverhill,Massachusetts,Essex County,25009,01832,42.84610565164186,-71.046128370516,192947.96,355405.26,47596
6fbddf55-7096-b883-7cd3-260f27953080,1980-11-24,,999-94-1171,S99978960,X73547667X,Mrs.,Clarinda196,Serena400,Rolfson709,,Mayert710,M,white,nonhispanic,F,Southwick  Massachusetts  US,205 Doyle Parade,Burlington,Massachusetts,Middlesex County,25017,01730,42.50650523065799,-71.21144047274721,47418.27,1341591.10,18417
62f60bdb-cc5c-8305-b98b-f2b229a55eca,1975-03-18,,999-12-9859,S99969228,X2669421X,Ms.,Angel97,Rocio28,Luettgen772,,,S,white,nonhispanic,F,Rehoboth  Massachusetts  US,120 Collins Path Suite 22,Fall River,Massachusetts,Bristol County,25005,02790,41.695915023588334,-71.14174870097861,701189.02,568478.91,74269
bff9d9d5-ee3d-d852-9c67-36d8361a4a4a,1944-06-23,,999-45-1987,S99914644,X63909065X,Mr.,Rosario163,,Ortiz186,,,S,asian,nonhispanic,M,Ludlow  Massachusetts  US,438 Schowalter Bypass,Needham,Massachusetts,Norfolk County,25021,02494,42.24438127173491,-71.28164193392622,168399.90,337642.13,179146
982750f4-569b-5949-196b-60699bdda3fb,1986-04-07,,999-41-6411,S99976992,X85134600X,Mrs.,Dwana281,Zora492,Daniel959,,Schuppe920,M,white,nonhispanic,F,Scituate  Massachusetts  US,864 Wisozk Skyway Suite 4,Lowell,Massachusetts,Middlesex County,25017,01851,42.66502947266086,-71.34409739443451,369037.30,570676.89,51919
2c167999-289d-95fa-5c27-7d8b8d35348c,1973-06-08,2023-07-16,999-81-3939,S99923957,X42226961X,Mr.,Eliseo499,Laverne101,Nader710,,,M,white,nonhispanic,M,Lowell  Massachusetts  US,257 Wiza Forge Suite 31,Revere,Massachusetts,Suffolk County,25025,02151,42.42403681433789,-70.99809615810418,89288.43,17047.18,28811
d369e23c-ba83-d853-1d14-a6950d215350,1946-07-27,,999-84-4391,S99958512,X87274653X,Mr.,Lucas404,Luis Miguel102,Olivera810,,,M,white,hispanic,M,Bogota  Bogota  CO,804 Gottlieb Branch,Saugus,Massachusetts,Essex County,25009,01906,42.47472567048199,-71.04996905758402,187031.27,271690.92,109315
d3727ff2-5d7b-347f-d78c-edc4323cf890,2008-11-12,,999-94-4285,S99961883,,,Eunice461,Diann220,Fay398,,,,black,nonhispanic,F,Weymouth  Massachusetts  US,777 Bosco Union Suite 34,Boston,Massachusetts,Suffolk County,25025,02108,42.29039304794446,-71.16480709371824,47302.80,32042.67,56736
c053e996-a4c4-6c02-e2b6-284227156c67,2023-02-08,,999-10-8066,,,,Sharyn437,Anette189,Hagenes547,,,,black,hispanic,F,Windsor  Massachusetts  US,663 Blick Plaza,Milford,Massachusetts,Worcester County,25027,01757,42.17459827182851,-71.55903801727968,7653.29,710.83,51905
c0a47dee-cc72-29ce-df5a-ea6d306c36a4,1986-07-20,,999-95-9468,S99940589,X46676665X,Mr.,Jonathan639,Vernon254,Carroll471,,,M,white,nonhispanic,M,Brookline  Massachusetts  US,299 Witting Vale Apt 11,Fall River,Massachusetts,Bristol County,25005,02747,41.71443190444846,-71.17965584682092,98581.94,536587.00,129734
947c82ee-1735-c9ed-8210-38cb93d8070c,2015-10-12,,999-50-9740,,,,Marcell728,Augusta206,Hammes673,,,,white,nonhispanic,F,Medfield  Massachusetts  US,350 Quigley Mill,Boston,Massachusetts,Suffolk County,25025,02131,42.27694894483813,-71.13954379177159,30162.15,0.00,107995
c321d4f5-b306-3ac4-a990-d31053c4a418,1973-06-08,,999-42-7332,S99926403,X19530375X,Mr.,Bennett146,Otha286,Kohler843,,,M,white,nonhispanic,M,Beverly  Massachusetts  US,190 Funk Path Unit 9,Revere,Massachusetts,Suffolk County,25025,02151,42.46472599007786,-71.00842599802881,166332.40,76031.22,28811
5ba0a3f3-32f7-02b1-ec6a-8f568923954c,1997-11-11,,999-72-6669,S99953477,X43501231X,Mr.,Faustino767,Dominic463,Langworth352,,,M,asian,nonhispanic,M,Northborough  Massachusetts  US,373 Rath Skyway,Boston,Massachusetts,Suffolk County,25025,02127,42.392627527263805,-71.10595260610019,12853.25,819019.53,11168
d15b23ed-02d5-3e28-efbd-2604425317c5,2025-10-07,,999-23-1094,,,,Ivan258,,Goodwin327,,,,white,nonhispanic,M,Lawrence  Massachusetts  US,640 Prosacco Street Suite 54,Boston,Massachusetts,Suffolk County,25025,02152,42.243413698535726,-71.0777962572229,100.00,1623.22,4255
e74367bd-7385-97dc-2c7f-251b4cd9fe29,1960-02-18,,999-21-9587,S99948929,X72651310X,Mrs.,Tennille443,Denna536,Donnelly343,,Rosenbaum794,M,white,nonhispanic,F,Greenfield  Massachusetts  US,911 Hauck Key Suite 34,Arlington,Massachusetts,Middlesex County,25017,02476,42.41678968179605,-71.12736743578557,75768.49,1747342.32,23284
080b069b-5108-46b6-ecef-6aacd3b9ef3f,1966-04-18,2020-08-17,999-85-1223,S99929008,X34925738X,Mr.,Chester802,Richie600,Aufderhar910,,,D,white,nonhispanic,M,Lynn  Massachusetts  US,314 Robel Quay,Wareham,Massachusetts,Plymouth County,,00000,41.806103226129906,-70.67818221486861,18015.06,222109.36,23280
922fb35e-148d-9e82-7e65-bfa05e3b3515,1986-05-14,,999-74-7973,S99914251,X79857784X,Mrs.,Agnes294,Laree109,Daniel959,,Muller251,M,white,nonhispanic,F,Newburyport  Massachusetts  US,324 Reinger Highlands Apt 29,Grafton,Massachusetts,Worcester County,,00000,42.2478081602492,-71.65074972716741,207432.42,931812.88,149894
f95a6723-14a5-c4b6-78df-fa97f7ab361c,1986-01-16,,999-46-9505,S99997178,X35455618X,Ms.,Roxann426,,Bosco882,,,S,white,nonhispanic,F,Springfield  Massachusetts  US,632 Halvorson Rapid Apt 32,Mansfield,Massachusetts,Bristol County,,00000,42.05025821414531,-71.26530895738023,42690.47,1699249.59,696664
6aed9210-c500-4375-b0fc-3374c40b8591,1964-12-02,,999-77-1968,S99925962,X9402091X,Mr.,Lyman173,,Runte676,,,M,white,nonhispanic,M,Quincy  Massachusetts  US,784 Strosin Hollow,Yarmouth,Massachusetts,Barnstable County,,00000,41.65904472422945,-70.27041725336747,197670.57,48140.85,42610
ba419d35-0dfe-8af7-347c-eebf02485a56,1925-02-12,,999-49-6110,S99996907,X23413687X,Mrs.,Corie618,Sofia418,Bergnaum523,,Jast432,M,white,nonhispanic,F,Chelmsford  Massachusetts  US,1028 Hoeger Crossroad,Franklin,Massachusetts,Norfolk County,25021,02038,42.05592795971821,-71.36775579073067,70843.88,1953644.79,18756
4aaa0001-3832-cc52-e2f3-47aad08f4284,2005-07-02,,999-38-1206,S99955546,X41987884X,Mr.,Marvin195,Minh326,Weissnat378,,,,white,nonhispanic,M,Cordaville  Massachusetts  US,785 West Meadow Unit 75,Lawrence,Massachusetts,Essex County,25009,01840,42.661351921050525,-71.19375948211975,4276.69,58815.95,16471
a253e4bb-f0d4-b0a8-ed0c-a15aaf1e3c43,1966-04-18,,999-90-1584,S99913348,X80814377X,Mr.,Dudley365,Willy639,Macejkovic424,,,S,white,nonhispanic,M,Springfield  Massachusetts  US,408 Sporer Common Apt 48,Wareham,Massachusetts,Plymouth County,,00000,41.73902462658769,-70.65569910669326,11334.02,140219.74,23280
7b06ee52-df9a-8487-0be6-dff27cc7d519,2000-12-31,,999-74-6657,S99948876,X14317491X,Ms.,Ressie457,Eneida722,Nader710,,,,white,nonhispanic,F,Hamilton  Massachusetts  US,285 Weissnat Park,Attleboro,Massachusetts,Bristol County,25005,02703,41.90651572209241,-71.33004477600963,52718.85,49349.33,137480
b6a1cac9-8873-36a7-e726-4aad8a07d44d,1992-09-07,,999-64-3707,S99981898,X16313071X,Mr.,Renaldo199,,Crist667,,,M,white,nonhispanic,M,Boston  Massachusetts  US,1055 Miller Vale,Needham,Massachusetts,Norfolk County,25021,02492,42.26122529424496,-71.26130415300472,13827.62,843809.62,4325
a2fb233f-60e0-b477-cd38-af3923f792a3,1961-08-05,1970-03-04,999-43-3625,,,,Tanner110,Amos720,Mitchell808,,,,white,nonhispanic,M,Boston  Massachusetts  US,144 Hartmann Viaduct Apt 57,Amesbury,Massachusetts,Essex County,25009,01913,42.89434519466137,-70.98429749490316,15922.08,28906.08,32449
d20bc0bc-3051-ae6f-f391-ceec7ec0370f,2009-08-18,,999-62-3335,S99947773,,,Lavette209,Cathrine584,Kozey370,,,,white,nonhispanic,F,Lawrence  Massachusetts  US,976 Kilback Lodge Apt 46,Somerville,Massachusetts,Middlesex County,25017,02143,42.43372945231455,-71.12951030106568,5716.65,545290.59,21963
f32a088b-988b-d7d5-008b-89ea4ed1fc48,2006-01-10,,999-97-4202,S99923277,X53228948X,Mr.,Wayne846,Norris589,McLaughlin530,,,,black,nonhispanic,M,Worcester  Massachusetts  US,1090 Crist Spur Suite 38,Cambridge,Massachusetts,Middlesex County,25017,02140,42.352797605821735,-71.13017025866257,12171.14,670614.24,10954
5c39a9da-6fb0-3cbb-0181-add875529d46,2010-08-25,,999-45-8329,,,,Edmond919,Benito209,Ferry570,,,,white,nonhispanic,M,Barnstable  Massachusetts  US,1065 Hamill Center Suite 34,Arlington,Massachusetts,Middlesex County,25017,02476,42.42077071107171,-71.13942291478861,37826.56,5120.81,60549
7512bbb4-b22b-0979-6edc-389e16607ac7,2024-07-20,,999-53-5755,,,,Tamie596,Joi660,Herzog843,,,,black,nonhispanic,F,Holden  Massachusetts  US,256 Fritsch Pathway,Chicopee,Massachusetts,Hampden County,25013,01013,42.20762223444945,-72.51757750751571,400.00,5321.48,30756
6f45f2e9-a617-570a-8867-dec1260088bb,2012-11-21,,999-43-6844,,,,Carey440,Theo630,Mraz590,,,,white,nonhispanic,M,Boston  Massachusetts  US,343 Feeney Terrace,Lunenburg,Massachusetts,Worcester County,25027,01462,42.63124155127892,-71.70650736593358,34052.31,2852.89,41535
79021b82-f370-50bb-c5a1-7333816d683f,2012-08-14,,999-95-8494,,,,Evette961,,Farrell962,,,,white,nonhispanic,F,Worthington  Massachusetts  US,1030 Lehner Branch,Malden,Massachusetts,Middlesex County,25017,02155,42.40649311093212,-71.02556291693962,60392.64,242653.38,41107
9661a432-4630-2cd9-142c-386845fae837,1977-07-11,,999-46-9582,S99952558,X54512537X,Mr.,Paul232,Francisco472,Tremblay80,,,W,white,nonhispanic,M,Fitchburg  Massachusetts  US,558 O'Connell Trafficway,Whitman,Massachusetts,Plymouth County,,00000,42.04733216768621,-70.93867701050462,57437.56,616011.42,22146
26aa011e-0d75-d1a3-3c5a-560a9450cc9d,2009-08-29,,999-88-4732,S99987547,,,Jesse626,Roosevelt595,Wolf938,,,,white,nonhispanic,M,Worcester  Massachusetts  US,791 Lindgren Passage Apt 87,Chelmsford,Massachusetts,Middlesex County,,00000,42.57094151779865,-71.39127180250473,39872.01,16373.99,66918
d3cb6736-0991-40ed-a220-7c714aba4c37,1981-12-26,,999-18-9450,S99914610,X28954512X,Mr.,Tristan353,Josh874,Reichel38,,,M,white,nonhispanic,M,Raynham  Massachusetts  US,1089 Casper Branch Apt 85,Burlington,Massachusetts,Middlesex County,25017,01730,42.5307188102959,-71.15633262385516,105019.33,7583.35,130944
5e7ebf2c-22ec-a89b-53ab-38edddd81be9,1972-12-30,,999-51-2537,S99948109,X59907975X,Mrs.,Rosalba160,,Schulist381,,Larson43,M,white,nonhispanic,F,Wakefield  Massachusetts  US,1071 Rau Run Suite 89,Easthampton,Massachusetts,Hampshire County,25015,01027,42.33493367095153,-72.74444248366598,653283.19,268233.26,36201
75d6a35c-c2e1-5b9f-e7f8-6a5b05af8fc8,2012-06-28,,999-44-7679,,,,Hiram237,Abraham100,Batz141,,,,white,nonhispanic,M,Falmouth  Massachusetts  US,433 DuBuque Estate,Upton,Massachusetts,Worcester County,25027,01568,42.17105918362091,-71.64104395951323,20527.26,21375.98,161960
47d390c6-a1a2-1a80-dd1d-9722c7b24159,2008-08-01,,999-48-4421,S99984026,,,Demarcus108,,Jones311,,,,white,nonhispanic,M,Gardner  Massachusetts  US,571 Hills Highlands Apt 93,Groveland,Massachusetts,Essex County,,00000,42.75571130132746,-71.05777902178957,29381.54,31682.95,157143
4c7e43a3-f8c3-abdf-1938-4eae34733701,1961-08-05,2014-05-09,999-33-3318,S99927818,X42527085X,Mr.,Aron520,Arnulfo253,Hessel84,,,M,white,nonhispanic,M,Worcester  Massachusetts  US,786 Doyle Common Apt 94,Amesbury,Massachusetts,Essex County,25009,01913,42.86150855342919,-70.99942004228633,340664.19,537981.28,32449
7811dc30-8c86-8164-6c33-6b6f464745ef,1969-09-15,,999-38-9284,S99919944,X35633271X,Mrs.,Mignon230,,Beatty507,,Towne435,M,asian,nonhispanic,F,Haiphong  Kiến An  VN,250 Moen Underpass,Boston,Massachusetts,Suffolk County,25025,02151,42.2493184322369,-71.04883958043074,197627.31,688571.54,867330
d57841fa-c9e2-a3d1-0e78-09bdbe4eed66,1964-12-12,,999-78-2116,S99940893,X85641019X,Ms.,Jessica140,Susannah249,McKenzie376,,,S,white,nonhispanic,F,Pittsfield  Massachusetts  US,891 Mraz Bridge Apt 79,Rockland,Massachusetts,Plymouth County,,00000,42.10199239245121,-70.88759784295742,285197.32,1177406.62,145475
2de4dd0d-f665-8a2e-4c6b-997735e14ace,2002-03-15,,999-50-9887,S99959326,X31344061X,Mr.,Aron520,Gary33,Hammes673,,,,white,nonhispanic,M,Worcester  Massachusetts  US,793 Mayert Lodge Unit 44,Williamstown,Massachusetts,Berkshire County,25003,01267,42.72551449334875,-73.2719383343828,4582.32,72518.12,21658
7c913488-8c54-7aa0-a452-83dbc3ad8377,2011-06-09,,999-65-4697,,,,Dian810,Valda518,Kiehn525,,,,white,nonhispanic,F,Waltham  Massachusetts  US,974 Langworth Station,Fall River,Massachusetts,Bristol County,25005,02747,41.708919287195464,-71.15822978508461,29788.44,20029.78,39886
a203c138-c1f4-67db-655a-5138756a96c7,2015-06-01,,999-87-6157,,,,Mariela993,Alyce744,Abernathy524,,,,white,nonhispanic,F,Scituate  Massachusetts  US,320 Collins Terrace,Weymouth,Massachusetts,Norfolk County,25021,02189,42.21746868194054,-70.96548246455204,36205.46,38577.35,124477
b329ef8d-a18b-a62f-aa37-7b5ca4504f4b,1986-06-18,,999-49-8193,S99946251,X63034054X,Mr.,Hans694,Orval846,Bogisich202,,,M,black,nonhispanic,M,Cambridge  Massachusetts  US,384 Breitenberg Center Suite 99,Springfield,Massachusetts,Hampden County,25013,01108,42.167554305577,-72.63817312402368,105981.42,0.00,41204
6bc4cd5d-0216-17a9-8192-ac2209957d3a,1998-03-07,,999-61-2767,S99937757,X50591604X,Ms.,Pamela954,Gilma310,Thompson596,,,,white,hispanic,F,Lawrence  Massachusetts  US,842 Koch Common,Marblehead,Massachusetts,Essex County,25009,01945,42.47580526957799,-70.82787159698567,161779.39,52743.05,232022
ad104e2a-4d2e-0fec-604d-a0fb4d4c7c22,1961-08-05,,999-55-8622,S99996666,X37016990X,Mr.,Bret7,Taylor21,Ankunding277,,,M,white,nonhispanic,M,Fall River  Massachusetts  US,351 Steuber Trail Unit 60,Amesbury,Massachusetts,Essex County,25009,01913,42.88889938392494,-70.93971702101521,159437.44,80286.65,32449
50b95daa-11fb-fb1d-f3aa-70e2d777e5ba,1988-05-22,,999-15-3798,S99953299,X45372634X,Ms.,Yuk263,Agripina633,Hoppe518,,,S,white,nonhispanic,F,Spencer  Massachusetts  US,782 Gerhold Run Unit 18,Dedham,Massachusetts,Norfolk County,25021,02026,42.24840539947318,-71.1874771148357,201769.99,489398.14,62760
5efaa97c-4a6c-5f10-2c9c-8ffdefa57893,1984-01-31,,999-58-1575,S99913896,X27564824X,Mr.,Loyd638,Louis204,Tromp100,,,M,white,nonhispanic,M,Worcester  Massachusetts  US,1042 Dickinson Orchard Unit 51,Amherst,Massachusetts,Hampshire County,,00000,42.36972069506625,-72.52918650873026,80935.80,189.71,46339
ce44621f-406f-233d-11a3-22cdc96f9aec,2012-04-09,,999-28-2268,,,,Blake449,See995,Konopelski743,,,,black,nonhispanic,F,Forestdale  Massachusetts  US,1093 Gutmann Trail,Boston,Massachusetts,Suffolk County,25025,02134,42.3950841900048,-70.96451168302201,34108.40,2505.60,692387
322ab5c6-5846-ac1e-38cc-48b8cb441e20,1964-07-22,2023-10-19,999-64-4805,S99941075,X3449478X,Mrs.,Lena684,Charlott617,Gutkowski940,,Williamson769,M,white,nonhispanic,F,Dedham  Massachusetts  US,936 McKenzie Key Suite 0,Stoneham,Massachusetts,Middlesex County,25017,02180,42.44363878608946,-71.13029745210538,19595.91,1590833.25,12730
df2f3ddb-2760-b3c7-40be-f2fbee474089,1975-07-04,,999-49-5175,S99998804,X15378743X,Mr.,Dallas143,,Jacobi462,,,S,white,nonhispanic,M,Lynn  Massachusetts  US,183 Abernathy Alley,Lincoln,Massachusetts,Middlesex County,,00000,42.45431978149434,-71.32437661830932,127093.40,48957.84,153761
35b353dd-402b-571a-d67a-af0a104d0854,1943-02-12,,999-46-5496,S99978210,X5508737X,Mr.,Jody426,,Monahan736,,,M,white,nonhispanic,M,Stoughton  Massachusetts  US,823 Rohan Walk,Stoneham,Massachusetts,Middlesex County,25017,02180,42.430415118201786,-71.11493016497893,212719.69,833301.38,164182
9255b577-57ec-5114-269d-ae0e5e12f290,2006-09-22,,999-38-1139,S99933611,,Ms.,Laraine204,Alpha246,Jaskolski867,,,,white,nonhispanic,F,Worcester  Massachusetts  US,554 Yost Underpass Unit 38,Medford,Massachusetts,Middlesex County,25017,02155,42.4348023516352,-71.12670436490349,154997.77,0.00,42139
5fd603dd-1d6a-62be-0862-67ff6e3978b5,2012-10-27,,999-38-2304,,,,Lakesha141,,Koepp521,,,,white,nonhispanic,F,Mendon  Massachusetts  US,340 Braun Passage Apt 35,Worcester,Massachusetts,Worcester County,25027,01608,42.262569851522706,-71.70588288847124,2695.86,54762.11,4053
dd9da64b-7b38-4f91-e75d-b1268dde60d4,1986-06-22,,999-51-2949,S99954495,X69128211X,Mrs.,Donnetta255,Alexandria361,Hyatt152,,Jenkins714,M,black,nonhispanic,F,Plymouth  Massachusetts  US,684 Welch Arcade Apt 38,Newbury,Massachusetts,Essex County,,00000,42.755623461497834,-70.84243591079736,145328.46,1492775.12,80611
9dc02e0c-624b-81c6-4648-829d5074bf90,1984-08-19,,999-38-1204,S99997339,X5586628X,Mr.,Riley817,Jarod376,Spinka232,,,S,white,nonhispanic,M,Waltham  Massachusetts  US,191 Greenholt Club Suite 47,Tewksbury,Massachusetts,Middlesex County,,00000,42.569950313543664,-71.25030432311135,82766.10,26439.11,61531
b27ee48d-2590-6e78-ee68-28a31a2b37e1,1994-06-28,,999-74-9447,S99929247,X72448027X,Mr.,Rod343,Pat3,Grimes165,,,M,white,nonhispanic,M,Sutton  Massachusetts  US,411 Wyman Trace,Springfield,Massachusetts,Hampden County,25013,01106,42.168500907886155,-72.50253754830902,118771.75,882542.85,36897
e89af71d-4aa4-2237-e71d-6fa8e4b5af09,2003-11-24,,999-20-6584,S99963683,X33107132X,Ms.,Adela471,Lilia791,Romero158,,,,white,hispanic,F,Portsmouth  Saint John Parish  DM,822 Lubowitz Estate Unit 52,Boston,Massachusetts,Suffolk County,25025,02119,42.32144859669666,-71.08040777647568,76581.34,159118.21,43858
3236b1f8-2bc1-3e38-c539-a29407c6a206,2004-03-04,,999-15-6186,S99977845,X36223691X,Ms.,Krysta658,Leah288,Barrows492,,,,white,nonhispanic,F,Boston  Massachusetts  US,996 Ankunding Approach Apt 1,Boston,Massachusetts,Suffolk County,25025,02136,42.30116263498911,-71.07327757358904,16226.95,621599.61,93722
a0c03c21-c7e2-54b4-175d-a01e8ba6de7b,2008-09-06,,999-22-1126,S99927273,,,Dawn804,,Jenkins714,,,,asian,nonhispanic,F,Westford  Massachusetts  US,1077 Luettgen Glen,Belmont,Massachusetts,Middlesex County,25017,02478,42.42513397198988,-71.15702261667204,41178.34,9532.21,164361
ac233f36-fd51-de38-2091-fc6f51260977,1964-07-22,,999-31-3536,S99971963,X26613397X,Mrs.,Joshua658,Andra606,Hilll811,,Conroy74,D,white,nonhispanic,F,Cambridge  Massachusetts  US,370 Koepp Spur Suite 25,Stoneham,Massachusetts,Middlesex County,25017,02180,42.44492523982924,-71.1106805348914,34231.79,1863474.77,12730
cf22cde5-48e9-1907-78ec-42abd6782fbe,1998-03-25,,999-30-2282,S99948605,X62038461X,Ms.,Letty680,,Predovic534,,,,white,nonhispanic,F,Newton  Massachusetts  US,607 Wuckert Quay,Boston,Massachusetts,Suffolk County,25025,02215,42.31359280953481,-71.10955868482927,7000.00,468443.08,2130
4e3a6f7b-ffb9-5478-ae0f-e03a42891892,2000-02-02,,999-15-2429,S99920647,X13664394X,Ms.,Gerda633,Mia349,Trantow673,,,,white,nonhispanic,F,North Scituate  Massachusetts  US,296 Zemlak Ferry,Hudson,Massachusetts,Middlesex County,25017,01749,42.37518481659668,-71.51241394395679,84691.41,318728.86,83270
8a378120-cbc8-8dc0-04be-44a8c807932f,1971-04-30,,999-82-7326,S99988804,X63180045X,Ms.,Santa373,,Gerlach374,,,S,white,nonhispanic,F,Medford  Massachusetts  US,1049 Luettgen Viaduct Apt 19,Lexington,Massachusetts,Middlesex County,25017,02421,42.42593269226924,-71.26559591289288,344194.06,1320806.23,198861
76a1559f-a83a-59b9-ed07-4efd4a0f1b39,1982-12-09,,999-48-4172,S99960945,X74610901X,Mrs.,Alethia102,Beatris270,Swift555,,Abernathy524,D,white,nonhispanic,F,Boston  Massachusetts  US,128 Strosin Well Unit 53,Fall River,Massachusetts,Bristol County,25005,02720,41.65519029426694,-71.13051179305559,201651.68,866251.80,27008
a296a2ba-b1ad-a3c5-d172-aa3dfdbcdab9,1986-09-14,,999-31-8127,S99929291,X83452945X,Ms.,Pok428,Kerrie266,Lindgren255,,,S,white,nonhispanic,F,Wilmington  Massachusetts  US,724 Nolan Camp Unit 48,Brockton,Massachusetts,Plymouth County,25023,02301,42.05090474227868,-71.05907038727557,13761.47,1118785.12,17562
20526ee7-17ba-b863-b5f1-776defcde2e6,1972-03-27,,999-73-8834,S99967570,X80704244X,Mrs.,Sabra779,,Abernathy524,,Hermann103,D,white,nonhispanic,F,Dighton  Massachusetts  US,329 Wintheiser Viaduct Apt 34,Bourne,Massachusetts,Barnstable County,25001,02532,41.676148843771436,-70.5971448422042,290520.89,835968.87,413513
7f50d0ba-ca6b-eaa7-d4f7-50dc977f2e50,2002-06-17,,999-36-3745,S99951910,X65037913X,Ms.,Kerry175,,Dickens475,,,,white,nonhispanic,F,Springfield  Massachusetts  US,537 Walsh Mission,Cambridge,Massachusetts,Middlesex County,25017,02140,42.342217069464965,-71.08808165812866,77145.77,263941.95,189971
09570ca0-77fa-de46-54b5-14ac2040a62e,2016-10-18,,999-45-6482,,,,Kizzie166,,Collins926,,,,white,nonhispanic,F,Sudbury  Massachusetts  US,1060 Lesch Lane Unit 35,Tewksbury,Massachusetts,Middlesex County,,00000,42.61796390294728,-71.27668098461947,36711.35,1067.87,152904
06fe0fa1-aba9-b4f6-6231-5f41bd42492d,1967-03-09,,999-90-2097,S99984790,X12436455X,Mr.,Dong972,,Borer986,,,M,white,nonhispanic,M,Boston  Massachusetts  US,688 Yundt Camp Suite 41,Northbridge,Massachusetts,Worcester County,,00000,42.144491802492,-71.66832803487107,135686.43,112490.40,37398
7bdd30f5-7598-e44a-c32c-f928becb9d5e,2009-01-04,,999-30-7687,S99939662,,,Lavina533,Christene303,Hartmann983,,,,black,nonhispanic,F,Lowell  Massachusetts  US,757 Nolan Haven Suite 44,Newton,Massachusetts,Middlesex County,25017,02460,42.308788358946096,-71.26665082224034,28410.71,26769.81,123819
a7b1943e-4400-ed7b-2b1f-67b40f8f36e2,1976-02-19,,999-41-4188,S99982232,X82230588X,Mr.,Rosario163,,Runolfsson901,,,S,white,nonhispanic,M,Boston  Massachusetts  US,279 Pfannerstill Pathway,Milton,Massachusetts,Norfolk County,25021,02186,42.22887244291295,-71.11183655990015,99529.96,26262.28,837723
f0af24ba-22df-a2a6-ca80-9814fb6febff,1980-06-26,,999-17-4968,S99974629,X57067283X,Mr.,Caleb651,Mitchell808,Wiza601,,,M,white,hispanic,M,Swansea  Massachusetts  US,150 Watsica Dam,Agawam,Massachusetts,Hampden County,25013,01030,42.119665041008176,-72.69659106495038,112111.50,0.00,58325
6550f07d-78c7-bd66-5faa-a6aa4604e490,2005-09-06,,999-88-4335,S99923165,X23258238X,Mr.,Junior695,Rory188,Cremin516,,,,white,nonhispanic,M,Lynn  Massachusetts  US,520 Reynolds Grove Apt 81,Yarmouth,Massachusetts,Barnstable County,,00000,41.7202906256758,-70.25182290604654,74312.09,616834.80,26493
c53d3c4b-b3b9-3303-5a5b-ee949726f4ca,2009-11-18,,999-27-7698,S99946976,,,Sharyn437,,VonRueden376,,,,white,nonhispanic,F,Woburn  Massachusetts  US,348 Dooley Frontage road Suite 71,Marlborough,Massachusetts,Middlesex County,25017,01752,42.36142722203717,-71.5134079425191,36135.87,26.76,905454
a56f7570-fa42-cebe-bded-330118a4268c,2003-10-05,,999-23-8973,S99941675,X48394347X,Mr.,Stuart913,Issac619,Price929,,,,white,nonhispanic,M,Northampton  Massachusetts  US,107 Leannon Passage Apt 66,Worcester,Massachusetts,Worcester County,25027,01608,42.380027145110404,-71.80908497434591,43360.92,15633.17,32311
6275db11-d13f-3576-ca29-c3f6247ac2dc,2007-08-09,,999-55-9695,S99944025,,Ms.,Teri144,Layne115,Hilpert278,,,,other,nonhispanic,F,Rockland  Massachusetts  US,1038 Quitzon Lock Suite 18,Waltham,Massachusetts,Middlesex County,25017,02472,42.366710676840846,-71.20453306255423,70888.68,75680.12,74220
5fb3b9bc-eba6-e693-4e05-6bd91dbea56b,2017-09-05,,999-91-1975,,,,Galen747,Scott935,Koelpin146,,,,white,nonhispanic,M,Holbrook  Massachusetts  US,168 Murazik Terrace,Quincy,Massachusetts,Norfolk County,25021,02170,42.26048604451153,-71.02512729234769,30655.65,0.00,46761
f9dd6522-9d7a-93cd-c9c9-4fe118627441,1991-06-10,,999-21-2090,S99950509,X52080778X,Ms.,Peggie783,Ima629,Wiza601,,,S,white,nonhispanic,F,Dracut  Massachusetts  US,434 Koelpin Arcade,West Springfield,Massachusetts,Hampden County,25013,01089,42.09090611901511,-72.61294556640303,71797.65,336172.75,76020
994d6249-48af-8064-c677-0fb58b1b59a8,1951-07-20,,999-83-4738,S99964315,X44218145X,Mr.,Hai304,,Marvin195,,,M,white,nonhispanic,M,Pittsfield  Massachusetts  US,471 Mosciski Center Apt 23,Peabody,Massachusetts,Essex County,25009,01960,42.556539268829276,-70.9789267585948,17022.55,900489.09,2326
e4dffd18-650e-d1a9-f0bb-df102547605e,1993-12-22,,999-81-8799,S99973812,X56094586X,Mrs.,Alejandrina481,,Denesik803,,Wisoky380,M,white,nonhispanic,F,Monomoscoy Island  Massachusetts  US,234 Kuhn Gardens Apt 2,Boston,Massachusetts,Suffolk County,25025,02136,42.28274948068507,-71.17424316256192,112908.22,781679.81,185567
50ad813c-cbc2-47aa-eaaa-8694cbcd66c9,2022-07-01,,999-15-2028,,,,Randal152,Walton167,Gusikowski974,,,,white,nonhispanic,M,Vineyard Haven  Massachusetts  US,423 Cassin Center Apt 5,Agawam,Massachusetts,Hampden County,25013,01030,42.08870215095944,-72.63298083819818,695.86,16768.72,23092
e632520a-2e4f-3419-c0f1-1f7b89f11d9c,1964-09-13,,999-67-4307,S99959995,X76050000X,Mrs.,Katherine209,Lieselotte680,Herzog843,,Schamberger479,D,white,nonhispanic,F,Springfield  Massachusetts  US,676 Konopelski Vista Unit 69,Rockland,Massachusetts,Plymouth County,,00000,42.10281268055316,-70.90121885041935,284144.63,328395.55,138280
6e6a4d89-4709-5549-d696-94a38122b047,1986-02-18,,999-17-3257,S99993415,X7148000X,Mrs.,Jammie261,Madge238,Skiles927,,Gaylord332,M,white,nonhispanic,F,Gill  Massachusetts  US,845 Streich View Unit 45,Boston,Massachusetts,Suffolk County,25025,02109,42.37107534324914,-71.11434439247643,147330.16,792972.00,27257
c66e4f6a-5dd7-04e6-a6c2-b9f4122446d2,1956-04-06,,999-38-9157,S99956346,X58483083X,Mr.,Xavier983,Toby274,VonRueden376,,,M,white,nonhispanic,M,Greenfield  Massachusetts  US,1089 Hahn Way Unit 93,Yarmouth,Massachusetts,Barnstable County,,00000,41.715402391417044,-70.27307585261315,13604.38,220217.99,22153
715724a5-2018-a4ef-8f62-42ec13f9c91d,1941-11-24,,999-84-8728,S99951762,X62285417X,Mrs.,Rosella686,Ryan260,Wuckert783,,Parker433,M,white,nonhispanic,F,Southbridge  Massachusetts  US,789 Weissnat Burg,Wakefield,Massachusetts,Middlesex County,25017,01880,42.46288022737474,-71.03497924381752,838862.68,181726.59,62618
4760e5e7-fa82-b084-95cb-bb4564d42496,1953-11-01,,999-59-3765,S99993893,X53559438X,Ms.,Genoveva361,Lilliam592,Morar593,,,S,white,nonhispanic,F,Chelmsford  Massachusetts  US,852 Runolfsson Lane Apt 56,Plympton,Massachusetts,Plymouth County,,00000,41.98891394871307,-70.83148546014188,260879.46,401135.87,77958
ce2e160d-4a41-c64a-859f-2653d0ec39ad,1991-03-12,,999-82-8005,S99974863,X57873615X,Mr.,Bradly656,,Zemlak964,,,M,white,nonhispanic,M,Dover  Massachusetts  US,595 Parisian Avenue,Boston,Massachusetts,Suffolk County,25025,02120,42.29273594993021,-71.09616125989548,54869.21,186252.31,198717
18b101ed-6582-7193-5a1a-cac8e8de151c,2011-12-27,,999-47-2612,,,,Ivory697,Sam879,Miller503,,,,white,nonhispanic,M,Watertown  Massachusetts  US,359 Nitzsche Crossing,Westfield,Massachusetts,Hampden County,25013,01086,42.1084287062702,-72.72799251708312,31996.39,19557.98,28203
55133401-cd51-32bc-3046-82cb0a11d3da,1969-09-29,,999-94-9046,S99915578,X46448639X,Mr.,Joesph309,Young120,Blanda868,,,M,white,nonhispanic,M,Douglas  Massachusetts  US,746 Treutel Ferry,Lynn,Massachusetts,Essex County,25009,01907,42.423071385257124,-70.94052200222924,91421.61,156790.11,25783
23c94034-f050-04d5-c5a3-2d42bf3ccc7f,2024-05-11,,999-76-8806,,,,Talitha643,,Bergnaum523,,,,white,hispanic,F,Newton  Massachusetts  US,800 Schmitt Boulevard Apt 23,Cambridge,Massachusetts,Middlesex County,25017,02140,42.41303081195031,-71.10684163466209,6209.54,0.00,182688
bec25def-e2ce-2fe3-4022-747293bc775e,1963-07-15,,999-21-7720,S99955284,X51862007X,Mr.,Martín25,,Cervántez278,,,M,white,hispanic,M,San Jose  San Jose  CR,357 Schmidt Way,Boston,Massachusetts,Suffolk County,25025,02215,42.30584940064272,-71.10392726235979,165250.70,34467.51,875378
2bbd76b7-e9a4-0597-7752-c228b9ffe6c1,1963-02-26,2019-12-20,999-80-3561,S99944689,X57140481X,Mrs.,Lois157,,Farrell962,,Nienow652,M,black,nonhispanic,F,Boston  Massachusetts  US,650 Olson Station,Winthrop,Massachusetts,Suffolk County,25025,02128,42.40104541253845,-71.02318625295315,180656.85,776602.63,193916
06eb6dda-a918-928f-76cf-6bf370cf2014,2017-06-24,,999-92-3855,,,,Kenneth671,Vincent299,Ritchie586,,,,white,nonhispanic,M,Braintree  Massachusetts  US,343 Wisozk Hollow,Saugus,Massachusetts,Essex County,25009,01906,42.47477453992514,-70.99558658254415,15510.78,1642.82,97576
13bbd9ac-5c42-f173-5411-4e30e7da9e8d,1961-12-12,2024-03-06,999-19-5726,S99916050,X23539457X,Mrs.,Zina602,Joyce806,Mueller846,,Parisian75,M,black,nonhispanic,F,Lynn  Massachusetts  US,614 Wisoky Neck Suite 35,Springfield,Massachusetts,Hampden County,25013,01104,42.090036329132445,-72.59559123267172,26875.97,996355.31,12354
17cb5ccc-4c1f-9747-f535-e57cd464679d,2016-11-15,,999-74-5756,,,,Jefferson174,Renaldo199,Dach178,,,,white,nonhispanic,M,Millis  Massachusetts  US,804 Nolan Haven,Bridgewater,Massachusetts,Plymouth County,25023,02324,41.92778005644695,-70.98367305461909,35321.96,1611.39,97196
8c5fa9a2-4100-1e1c-1287-7effbfe0c0d2,1980-11-26,,999-72-6214,S99920398,X52194571X,Mrs.,Rubie803,Angle307,Smitham825,,King743,M,white,nonhispanic,F,Malden  Massachusetts  US,685 Batz Trafficway,Everett,Massachusetts,Middlesex County,25017,02149,42.44898777553662,-71.03233660443625,14902.18,653617.63,18729
fe5ac0e9-31c0-5d7b-5678-e94e869b6644,1963-02-26,,999-87-9619,S99967016,X16682832X,Mrs.,Nakia544,,Herzog843,,Orn563,M,black,nonhispanic,F,Brookline  Massachusetts  US,114 Cruickshank Track,Winthrop,Massachusetts,Suffolk County,25025,02128,42.37407186527311,-70.95003149653743,395238.09,921600.87,193916
f310f68c-8c7a-cd56-0a6f-75a59d74b8a9,1961-12-12,,999-32-9055,S99979733,X4641596X,Mrs.,Floria545,Salome647,Schumm995,,Will178,M,black,nonhispanic,F,Bourne  Massachusetts  US,1090 Gorczany Lock Suite 44,Springfield,Massachusetts,Hampden County,25013,01106,42.05019324520122,-72.54683500957286,17999.13,1197903.37,12354
